content,processed_content,class
"On the 25th of February 1938, the Wilpattu National Park was declared the second National Park in Sri Lanka under the provisions of the Fauna and Flora Protection Ordinance, No. 2 of 1937; a landmark in the history of Wildlife Conservation in this country.",on the th of february  the wilpattu national park was declared the second national park in sri lanka under the provisions of the fauna and flora protection ordinance no  of  a landmark in the history of wildlife conservation in this country,Opinion
The Finance Ministry this week invited Expressions of Interest (EOIs) from consultancy firms to conduct a needs assessment to initiate a Trade National Single Window (TNSW) system to interconnect several government agencies engaged in international trade proceedings.,the finance ministry this week invited expressions of interest eois from consultancy firms to conduct a needs assessment to initiate a trade national single window tnsw system to interconnect several government agencies engaged in international trade proceedings,Business
"The Center for Poverty Analysis (CEPA) is set to host a high-level symposium on February 27th at the Hilton, Colombo, to present key findings from its comprehensive 5000-household poverty study conducted in 2023. The study, partially funded by the Asian Development Bank (ADB), assesses the impact of Sri Lanka’s economic crises on poverty incidence and evaluates the effectiveness of social protection programmes.",the center for poverty analysis cepa is set to host a highlevel symposium on february th at the hilton colombo to present key findings from its comprehensive household poverty study conducted in  the study partially funded by the asian development bank adb assesses the impact of sri lankas economic crises on poverty incidence and evaluates the effectiveness of social protection programmes,Business
The secondary market yield curve commenced the week with limited activity and thin trading volumes.,the secondary market yield curve commenced the week with limited activity and thin trading volumes,Business
"Access Logistics Park Ekala (Pvt.) Ltd, a wholly-owned subsidiary of Sri Lanka’s Access Engineering PLC, has signed a power purchase agreement with state-run Ceylon Electricity Board, for a 9.08-megawatt (MW) solar photovoltaic installation.",access logistics park ekala pvt ltd a whollyowned subsidiary of sri lankas access engineering plc has signed a power purchase agreement with staterun ceylon electricity board for a megawatt mw solar photovoltaic installation,Business
Sri Lankans were able to catch a glimpse of a real-life crime thriller following the attack on a notorious underworld figure alias ‘Ganemulla Sanjeewa’ on Wednesday (February 19) morning at the Hulftsdorp Court Complex.,sri lankans were able to catch a glimpse of a reallife crime thriller following the attack on a notorious underworld figure alias ganemulla sanjeewa on wednesday february  morning at the hulftsdorp court complex,Opinion
CBL Group has entered the Kenyan market by establishing a distribution hub as part of its strategic move to strengthen exports and establish a foothold in East Africa. This expansion aligns with the company’s long-term growth strategy to extend its global reach and cater to new consumer segments.,cbl group has entered the kenyan market by establishing a distribution hub as part of its strategic move to strengthen exports and establish a foothold in east africa this expansion aligns with the companys longterm growth strategy to extend its global reach and cater to new consumer segments,Business
"Taiwan has detected 24 Chinese military aircraft near the island as a Canadian warship passed through the sensitive Taiwan Strait, Taiwan’s Ministry of National Defence says.",taiwan has detected  chinese military aircraft near the island as a canadian warship passed through the sensitive taiwan strait taiwans ministry of national defence says,World_news
"Lightening has struck the Colombo 7 official residence of the head of a very important establishment, they say",lightening has struck the colombo  official residence of the head of a very important establishment they say,Political_gossip
"A bizarre situation has arisen in the country where Opposition parties fear to speak about the past while the ruling National People’s Power (NPP) fears to speak about the present. This is clearly evident during the talk-shows telecast in various television channels. The politicians of the Opposition parties during these talk-shows are very fond of discussing the current issues on the rice prices, coconut shortage and the island-wide power outag",a bizarre situation has arisen in the country where opposition parties fear to speak about the past while the ruling national peoples power npp fears to speak about the present this is clearly evident during the talkshows telecast in various television channels the politicians of the opposition parties during these talkshows are very fond of discussing the current issues on the rice prices coconut shortage and the islandwide power outag,Opinion
"Sri Lanka Rugby has been granted a final extension of four months by World Rugby to resolve its governance crisis. The extension, running from February 15 to June 15, provides a last opportunity for Sri Lanka Rugby (SLR) to enact constitutional reforms and hold elections, failing which severe sanctions will be imposed, including the potential exclusion of Sri Lanka from international rugby events.",sri lanka rugby has been granted a final extension of four months by world rugby to resolve its governance crisis the extension running from february  to june  provides a last opportunity for sri lanka rugby slr to enact constitutional reforms and hold elections failing which severe sanctions will be imposed including the potential exclusion of sri lanka from international rugby events,Sports
"SriLankan Airlines reported a pre-tax loss of Rs.1.96 billion for the seven months ended October 2024, reversing a profit of Rs.4.13 billion in the same period last year, the Finance Ministry said.",srilankan airlines reported a pretax loss of rs billion for the seven months ended october  reversing a profit of rs billion in the same period last year the finance ministry said,Business
A group of young government Diyawanna members had gathered at the council lobby for a chat on the day the no confidence motion against the Top team Member for Health was taken up for debate.,a group of young government diyawanna members had gathered at the council lobby for a chat on the day the no confidence motion against the top team member for health was taken up for debate,Political_gossip
Ireland’s Aimee Maguire has been suspended from bowling in international cricket with immediate effect after an Independent Assessment confirmed that the left-arm spinner uses an illegal bowling action.,irelands aimee maguire has been suspended from bowling in international cricket with immediate effect after an independent assessment confirmed that the leftarm spinner uses an illegal bowling action,Sports
"Hatton National Bank PLC (HNB) reported blowout profits for the October-December quarter, stemming mainly from the mammoth reversal of provisions made against the bank’s investments in International Sovereign Bonds (ISBs) and also the fast-improving lending business, amid lower interest rates.",hatton national bank plc hnb reported blowout profits for the octoberdecember quarter stemming mainly from the mammoth reversal of provisions made against the banks investments in international sovereign bonds isbs and also the fastimproving lending business amid lower interest rates,Business
"Uyghurs and Hong Kongers living in Ireland issued an open letter to the Irish government on Monday, urging them to adopt a human-rights-based approach during their discussions with Chinese Foreign Minister Wang Yi.",uyghurs and hong kongers living in ireland issued an open letter to the irish government on monday urging them to adopt a humanrightsbased approach during their discussions with chinese foreign minister wang yi,World_news
"A section of the party advocates the fielding of the party’s architect at the forthcoming race for Number One office. However, another section of the party is said to be against it.",a section of the party advocates the fielding of the partys architect at the forthcoming race for number one office however another section of the party is said to be against it,Political_gossip
There is a state- run undertaking described as a ‘Bureau’ which deals with all matters relating to the country’s natural resources like minerals.,there is a state run undertaking described as a bureau which deals with all matters relating to the countrys natural resources like minerals,Political_gossip
Jenni Hermoso has told the trial of former Spanish football chief Luis Rubiales that the kiss he gave her at the 2023 World Cup ’’stained one of the happiest days of my life’’.,jenni hermoso has told the trial of former spanish football chief luis rubiales that the kiss he gave her at the  world cup stained one of the happiest days of my life,Sports
"The country’s ambassadorial post in a European country is something in very high demand among both career diplomats and certain politicos and some of them resort to using undue influence to secure such a position. Meanwhile, some envoys already in this post in such countries are reluctant to move out from the post and try their best to hold on to it!",the countrys ambassadorial post in a european country is something in very high demand among both career diplomats and certain politicos and some of them resort to using undue influence to secure such a position meanwhile some envoys already in this post in such countries are reluctant to move out from the post and try their best to hold on to it,Political_gossip
Sri Lankan tech startups and scale-ups gathered at the EDB on 20th February for an insightful and empowering awareness session organized by the Export Services Division (EDB).,sri lankan tech startups and scaleups gathered at the edb on th february for an insightful and empowering awareness session organized by the export services division edb,Business
"There is a whisper going around in the Pohottuwa party these days that it is none but a section of the Pohottuwa members with ties to the main office of the government blocking the new appointments to the Top Team, they say.",there is a whisper going around in the pohottuwa party these days that it is none but a section of the pohottuwa members with ties to the main office of the government blocking the new appointments to the top team they say,Political_gossip
England’s miserable tour of India ended with another heavy defeat as they suffered a 3-0 one-day international series loss.,englands miserable tour of india ended with another heavy defeat as they suffered a  oneday international series loss,Sports
Charith Asalanka led the Sri Lanka ODI team to a thumping 2-0 win over Australia after the home team had been embarrassed in Galle in the Test series by Steven Smith and co.,charith asalanka led the sri lanka odi team to a thumping  win over australia after the home team had been embarrassed in galle in the test series by steven smith and co,Sports
These seniors knew through experience that the grand designs being advocated by the duo were not down to earth – neither reasonable nor practical!,these seniors knew through experience that the grand designs being advocated by the duo were not down to earth  neither reasonable nor practical,Opinion
Some Telephone party members are said to be disenchanted with the party these days mainly due to wrong advice being proffered to the party chief by a certain party heavyweight!,some telephone party members are said to be disenchanted with the party these days mainly due to wrong advice being proffered to the party chief by a certain party heavyweight,Political_gossip
"US President Donald Trump signed an executive order on Wednesday seeking to ban transgender athletes from participating in women’s sports, in his latest move targeting transgender people since returning to office.",us president donald trump signed an executive order on wednesday seeking to ban transgender athletes from participating in womens sports in his latest move targeting transgender people since returning to office,World_news
"Following the recent ‘expulsion’ of the state purohita caught smuggling gold and some other valuable items on his return from abroad, covetous eyes are on the top post of a statutory body that comes under the purview of this state ministry. It is common knowledge that the head of that statutory body is appointed by the state purohita concerned and now that he is gone and a new head for that body is likely to be appointed by his successor, it is s",following the recent expulsion of the state purohita caught smuggling gold and some other valuable items on his return from abroad covetous eyes are on the top post of a statutory body that comes under the purview of this state ministry it is common knowledge that the head of that statutory body is appointed by the state purohita concerned and now that he is gone and a new head for that body is likely to be appointed by his successor it is s,Political_gossip
"Former Sylvester’s, Kandy Sports Club and one of the senior referees, Aruna Rankothge passed away in Kandy today (10).",former sylvesters kandy sports club and one of the senior referees aruna rankothge passed away in kandy today ,Sports
We’ve already seen how Artificial Intelligence (AI) is widely used to fake anything from music to art. Researcher Sasha Luccione affirms that tech companies are violating copyright laws by plagiarising images and text by artists and authors.,weve already seen how artificial intelligence ai is widely used to fake anything from music to art researcher sasha luccione affirms that tech companies are violating copyright laws by plagiarising images and text by artists and authors,Opinion
The main opposition has raised a cry of protest that an unusually large entourage has accompanied Number One on his visit to the Dubai conference.,the main opposition has raised a cry of protest that an unusually large entourage has accompanied number one on his visit to the dubai conference,Political_gossip
"Legislation to curb US investment in China will be reintroduced in Congress, the chair of the House of Representatives’ select committee on China said on Tuesday, adding that the bill’s failure to pass into law last year was not due to opposition from billionaire Elon Musk.",legislation to curb us investment in china will be reintroduced in congress the chair of the house of representatives select committee on china said on tuesday adding that the bills failure to pass into law last year was not due to opposition from billionaire elon musk,World_news
"There is a certain high-up who made an effort to secure the main chair of the Khaki department whenever it was about to fall vacant. Just before the third service extension was granted to the incumbent, this ambitious contender had approached two Buddhist monks who are well- known as power brokers often taking a hand in the matter of making political appointments to high posts.",there is a certain highup who made an effort to secure the main chair of the khaki department whenever it was about to fall vacant just before the third service extension was granted to the incumbent this ambitious contender had approached two buddhist monks who are well known as power brokers often taking a hand in the matter of making political appointments to high posts,Political_gossip
"AIKO, a Bloomberg NEF Tier 1 solar module manufacturer, has launched its World’s No. 1 Efficiency N-TYPE ABC Modules in Sri Lanka,",aiko a bloomberg nef tier  solar module manufacturer has launched its worlds no  efficiency ntype abc modules in sri lanka,Business
"Two incidents of cattle theft were reported from Galewatte, Udugampola in January 2025. One cow, who had been blinded in one eye, was stolled on January 25.",two incidents of cattle theft were reported from galewatte udugampola in january  one cow who had been blinded in one eye was stolled on january ,Political_gossip
There is a taciturn Diyawanna politico who has reportedly said that he will remain an ‘independent’ in the council despite being a senior member of the Top Team!,there is a taciturn diyawanna politico who has reportedly said that he will remain an independent in the council despite being a senior member of the top team,Political_gossip
Quite recently the Pohottuwa chief secretarial one met a Diyawanna member of that party from the Galle district at the council canteen.,quite recently the pohottuwa chief secretarial one met a diyawanna member of that party from the galle district at the council canteen,Political_gossip
A high-up in the security sector who has already come down from being ‘bandu’ to ‘bindu’ due to his unsavory record has reportedly got involved in another scandal! According to the story that has com,a highup in the security sector who has already come down from being bandu to bindu due to his unsavory record has reportedly got involved in another scandal according to the story that has com,Political_gossip
"The plan is to nominate another party member for Number One office despite the Malimawa chief has already announced himself as the party candidate, in a bid to pave the way for a heated session at the politburo meeting, they say.",the plan is to nominate another party member for number one office despite the malimawa chief has already announced himself as the party candidate in a bid to pave the way for a heated session at the politburo meeting they say,Political_gossip
"Friedrich Merz’s conservatives have won Germany’s election, well ahead of rival parties but short of the 30% vote-share they had expected.",friedrich merzs conservatives have won germanys election well ahead of rival parties but short of the  voteshare they had expected,Opinion
A tourist village in China’s south western province of Sichuan famed for its scenic snow landscape said it was sorry for using cotton wool and soapy water to create fake snow after online criticism from visitors went viral.,a tourist village in chinas south western province of sichuan famed for its scenic snow landscape said it was sorry for using cotton wool and soapy water to create fake snow after online criticism from visitors went viral,World_news
"An actress turned Diyawanna member from the South who had fallen out with her party Pohottuwa in the recent past has now decided to return to the fold, they say.",an actress turned diyawanna member from the south who had fallen out with her party pohottuwa in the recent past has now decided to return to the fold they say,Political_gossip
"Notorious drug trafficker and criminal gang leader Sanjeewa Kumara Samararathne known as ‘Ganemulla Sanjeewa,’ was shot dead in the No. 5 Magistrate’s Court within the Hulftsdorp Court Complex this week. The suspected assassin was arrested in the Paalaavi area of Puttalam. It was announced first that the arrested person was 34-year-old Mohamed Azman Sherifdeen. Subsequently Public Security Minister Ananda Wijepala disclosed that the suspected kil",notorious drug trafficker and criminal gang leader sanjeewa kumara samararathne known as ganemulla sanjeewa was shot dead in the no  magistrates court within the hulftsdorp court complex this week the suspected assassin was arrested in the paalaavi area of puttalam it was announced first that the arrested person was yearold mohamed azman sherifdeen subsequently public security minister ananda wijepala disclosed that the suspected kil,Opinion
"Taiwan-based Delta Electronics is investing $500 million, announced in 2015, under the government’s Make in India initiative to expand its presence in the domestic market, a top company official said.",taiwanbased delta electronics is investing  million announced in  under the governments make in india initiative to expand its presence in the domestic market a top company official said,World_news
Sri Lanka take on Australia in two ODIs in Colombo on February 12 and 14 respectively.,sri lanka take on australia in two odis in colombo on february  and  respectively,Sports
"This politico once ran for the highest office and later had to spend some time in the state lodge as well. A belligerent character, he is now occupying a main chair in the Telephone party.",this politico once ran for the highest office and later had to spend some time in the state lodge as well a belligerent character he is now occupying a main chair in the telephone party,Political_gossip
"The enforcement of Sri Lanka’s Personal Data Protection Act (PDPA) has been delayed by six months, with the government citing public sector readiness concerns.",the enforcement of sri lankas personal data protection act pdpa has been delayed by six months with the government citing public sector readiness concerns,Business
"The institution of criminal proceedings is of vital concern to the public. Irrespective of the outcome of proceedings,",the institution of criminal proceedings is of vital concern to the public irrespective of the outcome of proceedings,Opinion
"Sri Lanka is on track for another record-breaking month in tourist arrivals this February, with arrivals in the first 20 days surpassing 175,000.",sri lanka is on track for another recordbreaking month in tourist arrivals this february with arrivals in the first  days surpassing ,Business
"Nations Trust Bank PLC posted a strong financial performance for the three months ending December 2024, fueled by a large provision reversal from its International Sovereign Bond (ISB) investments and a solid core banking performance, as demand for new loans continued to rise.",nations trust bank plc posted a strong financial performance for the three months ending december  fueled by a large provision reversal from its international sovereign bond isb investments and a solid core banking performance as demand for new loans continued to rise,Business
"Sri Lanka has been recognised as a country with the potential to become its own brand. However, strategic experts opine that in order to become a futuristic country, Sri Lanka should first eliminate corruption in the bureaucracy.",sri lanka has been recognised as a country with the potential to become its own brand however strategic experts opine that in order to become a futuristic country sri lanka should first eliminate corruption in the bureaucracy,Business
The first-ever Conference for Women Peacekeepers on the theme “Women in Peacekeeping: A Global South Perspective” will take place here from Monday.,the firstever conference for women peacekeepers on the theme women in peacekeeping a global south perspective will take place here from monday,Opinion
United States President Donald Trump has said he will “probably” meet Russian President Vladimir Putin this month while launching a broadside effectively accusing Ukrainian President Volodymyr Zelenskyy of being to blame for Moscow’s invasion.,united states president donald trump has said he will probably meet russian president vladimir putin this month while launching a broadside effectively accusing ukrainian president volodymyr zelenskyy of being to blame for moscows invasion,World_news
"The Computer Society of Sri Lanka (CSSL) has reaffirmed its commitment to digital excellence with the unveiling of the CSSL National CIO List 2024, an initiative recognizing the nation’s top Chief Information Officers (CIOs) for their outstanding contributions to the industry.",the computer society of sri lanka cssl has reaffirmed its commitment to digital excellence with the unveiling of the cssl national cio list  an initiative recognizing the nations top chief information officers cios for their outstanding contributions to the industry,Business
England suffered another disappointing defeat in Brendon McCullum’s first one-day international in charge as India won their series opener in Nagpur by four wickets.,england suffered another disappointing defeat in brendon mccullums first oneday international in charge as india won their series opener in nagpur by four wickets,Sports
Sri Lanka mired in a deep economic depression requires mammoth efforts to lift itself out of the crisis.,sri lanka mired in a deep economic depression requires mammoth efforts to lift itself out of the crisis,Opinion
"When I started my career in Paediatrics nearly 25 years ago as a Trainee at the Postgraduate Institute of Medicine, I learned gradually, one by one, the great professionals who developed the field of Paediatrics in this country.",when i started my career in paediatrics nearly  years ago as a trainee at the postgraduate institute of medicine i learned gradually one by one the great professionals who developed the field of paediatrics in this country,Opinion
"A national betrayal was orchestrated in 2015/16 under the guise of good governance, executed by the Yahapalana administration led by Maithripala Sirisena’s SLFP and Ranil Wickremesinghe’s UNP—with its present-day offshoot, the SJB, also bearing responsibility.",a national betrayal was orchestrated in  under the guise of good governance executed by the yahapalana administration led by maithripala sirisenas slfp and ranil wickremesinghes unpwith its presentday offshoot the sjb also bearing responsibility,Opinion
"Hatton National Bank PLC (HNB) was named as Sri Lanka’s Best Retail Bank for the 15th time, at TAB Global Excellence in Retail Financial Services Awards 2025, held in Tokyo, Japan.",hatton national bank plc hnb was named as sri lankas best retail bank for the th time at tab global excellence in retail financial services awards  held in tokyo japan,Business
"Indices closed in red as a result of price losses in counters such as Hatton National Bank, National Development Bank and Commercial Bank with the turnover crossing Rs. 2.1 Bn.",indices closed in red as a result of price losses in counters such as hatton national bank national development bank and commercial bank with the turnover crossing rs  bn,Business
"Sinhalese Sports Club (SSC), one of Sri Lanka’s topmost cricket-playing domestic clubs, are in a spot of bother as they are on the verge of losing their first-class status after their lacklustre performance in the ongoing Major Club three-day cricket tournament.",sinhalese sports club ssc one of sri lankas topmost cricketplaying domestic clubs are in a spot of bother as they are on the verge of losing their firstclass status after their lacklustre performance in the ongoing major club threeday cricket tournament,Sports
World Test Championship Final-bound Australia on Sunday (February 9) ended a 21-year wait for a Test series white-wash in Sri Lanka with a thumping 9-wicket victory over the hosts in the 2nd Test at the Galle International Stadium in Galle.,world test championship finalbound australia on sunday february  ended a year wait for a test series whitewash in sri lanka with a thumping wicket victory over the hosts in the nd test at the galle international stadium in galle,Sports
"Donald Trump was right: Ukraine started the war. Again, Trump was right; if he had been in office, the Ukraine war would not have happened.",donald trump was right ukraine started the war again trump was right if he had been in office the ukraine war would not have happened,Opinion
"India has assumed the chairmanship of the Bay of Bengal Inter-Governmental Organisation at the 13th Governing Council Meeting in Male, Maldives.",india has assumed the chairmanship of the bay of bengal intergovernmental organisation at the th governing council meeting in male maldives,World_news
"A 30-year-old Hong Kong political party that used to lead the city’s pro-democracy camp before Beijing cracked down on dissent will start preparations to shut down, its leader said Thursday.",a yearold hong kong political party that used to lead the citys prodemocracy camp before beijing cracked down on dissent will start preparations to shut down its leader said thursday,World_news
"The Employers’ Symposium 2025 organized by the Employers’ Federation of Ceylon (EFC) which is a much looked forward to event among the EFC’s member-companies and other business stakeholders, will take place on February 28 at the Monarch Imperial.",the employers symposium  organized by the employers federation of ceylon efc which is a much looked forward to event among the efcs membercompanies and other business stakeholders will take place on february  at the monarch imperial,Business
"Sanjay Ganlath’s journey into the world of sports management is as inspiring as it is unconventional. With deep roots in a sports-centric family and an early immersion in basketball, Ganlath’s life has been defined by passion, perseverance, and a commitment to empowering the next generation of athletes in Sri Lanka.",sanjay ganlaths journey into the world of sports management is as inspiring as it is unconventional with deep roots in a sportscentric family and an early immersion in basketball ganlaths life has been defined by passion perseverance and a commitment to empowering the next generation of athletes in sri lanka,Sports
"The US has twice sided with Russia in votes at the UN to mark the third anniversary of the Russian invasion of Ukraine, highlighting the Trump administration’s change of stance on the war.",the us has twice sided with russia in votes at the un to mark the third anniversary of the russian invasion of ukraine highlighting the trump administrations change of stance on the war,World_news
Pakistan will host a first major cricket tournament in almost three decades from Wednesday in a move hailed as a landmark just a few years after the country was off-limits because of security fears.,pakistan will host a first major cricket tournament in almost three decades from wednesday in a move hailed as a landmark just a few years after the country was offlimits because of security fears,Sports
"In a significant shift, the JVP has abandoned its ideological rigidities and embraced a more pragmatic approach, acknowledging the complexities of the country’s current politico-economic realities.",in a significant shift the jvp has abandoned its ideological rigidities and embraced a more pragmatic approach acknowledging the complexities of the countrys current politicoeconomic realities,Opinion
"There are wonderful characters among the Diyawanna council members. Some of them possess the wonderful forte to hold up truth as falsehood or vice versa, they say.",there are wonderful characters among the diyawanna council members some of them possess the wonderful forte to hold up truth as falsehood or vice versa they say,Political_gossip
Sri Lanka pulled off a stunning comeback against world champions Australia to clinch a 49-run victory in the first one-day international on Wednesday after a century by captain Charith Asalanka.,sri lanka pulled off a stunning comeback against world champions australia to clinch a run victory in the first oneday international on wednesday after a century by captain charith asalanka,Sports
"In yesterday’s weekly T-Bill auction, the weighted average yield rates experienced a slight further decline. The weighted average yield rates for the 3M, 6M, and 12M T-Bills stood at 7.57%, 7.87%, and 8.35%, respectively, reflecting auction yield drops of 4bps, 3bps, and 1bps.",in yesterdays weekly tbill auction the weighted average yield rates experienced a slight further decline the weighted average yield rates for the m m and m tbills stood at   and  respectively reflecting auction yield drops of bps bps and bps,Business
A crush at New Delhi Railway Station has left at least 18 people dead and a further 10 injured.,a crush at new delhi railway station has left at least  people dead and a further  injured,World_news
"Serendib Flour Mills, Sri Lanka’s leader in wheat flour manufacturing, participated in the globally renowned Gulfood 2025 exhibition in Dubai, the world’s largest annual food and hospitality showcase, accompanied by their valued customers.",serendib flour mills sri lankas leader in wheat flour manufacturing participated in the globally renowned gulfood  exhibition in dubai the worlds largest annual food and hospitality showcase accompanied by their valued customers,Business
Australia spin bowler Matt Kuhnemann has been reported for a suspected illegal bowling action after his dominant performance in the test series against Sri Lanka.,australia spin bowler matt kuhnemann has been reported for a suspected illegal bowling action after his dominant performance in the test series against sri lanka,Sports
Sri Lankan left-arm spinner Chamodi Praboda has been named in the Team of the Tournament for the ICC Women’s Under-19 T20 World Cup 2025.,sri lankan leftarm spinner chamodi praboda has been named in the team of the tournament for the icc womens under t world cup ,Sports
"Truth, the idiom goes is often stranger than fiction. Our country seems to embody this truism. Days ago we were jolted when media reported the Attorney General -whose independent status has withstood numerous changes as per the Constitution- advised law enforcement authorities that there was insufficient evidence to prosecute the three persons accused of abducting the driver of - Lasantha Wickrematunge- Editor of the now defunct ‘Sunday Leader’ n",truth the idiom goes is often stranger than fiction our country seems to embody this truism days ago we were jolted when media reported the attorney general whose independent status has withstood numerous changes as per the constitution advised law enforcement authorities that there was insufficient evidence to prosecute the three persons accused of abducting the driver of  lasantha wickrematunge editor of the now defunct sunday leader n,Opinion
A group from the Blue party is said to be set to team up with the Telephone party and their plan is to persuade the party chief to go into an alliance with that party.,a group from the blue party is said to be set to team up with the telephone party and their plan is to persuade the party chief to go into an alliance with that party,Political_gossip
The former Number One Gota is said to be no longer interested in participating in active politics.,the former number one gota is said to be no longer interested in participating in active politics,Political_gossip
"Sampath Bank reaffirmed its commitment to advancing digital financial inclusion in Sri Lanka by actively participating in the Digital Payments Promotion Campaign 2025,",sampath bank reaffirmed its commitment to advancing digital financial inclusion in sri lanka by actively participating in the digital payments promotion campaign ,Business
"The US President Donald Trump’s announcement on a 90-day pause on foreign aid channeled through the U.S. Agency for International Development (USAID) in various countries under his “America First” foreign policy has sent shockwaves across the world,",the us president donald trumps announcement on a day pause on foreign aid channeled through the us agency for international development usaid in various countries under his america first foreign policy has sent shockwaves across the world,World_news
"Two days ago President Anura Kumara Dissanayake had the somewhat daunting task of presenting his government’s first budget. AKD as the incumbent president, was voted into power by a population sick and tired of the corrupt rulers who promised much, but delivered only excuses for broken promises.",two days ago president anura kumara dissanayake had the somewhat daunting task of presenting his governments first budget akd as the incumbent president was voted into power by a population sick and tired of the corrupt rulers who promised much but delivered only excuses for broken promises,Opinion
"Since assuming power, the National People’s Power Government has tried to strike a delicate balance between fiscal consolidation guided by the IMF reform formula and NPP’s expansive campaign promises and election rhetorics. During the first four months in office, it played within the confines of the IMF programme, which was the mainstay of Sri Lanka’s quicker-than-expected economic recovery. That not only helped assuage investor fears, but also m",since assuming power the national peoples power government has tried to strike a delicate balance between fiscal consolidation guided by the imf reform formula and npps expansive campaign promises and election rhetorics during the first four months in office it played within the confines of the imf programme which was the mainstay of sri lankas quickerthanexpected economic recovery that not only helped assuage investor fears but also m,Opinion
"A heavyweight of the Telephone party who had been carrying on a selfcentered lonely campaign disregarding party discipline in the recent past has now decided to behave himself, they say.",a heavyweight of the telephone party who had been carrying on a selfcentered lonely campaign disregarding party discipline in the recent past has now decided to behave himself they say,Political_gossip
"Radisson Hotel Kandy announced that it has been recognized with the Agoda Gold Circle Award 2024, an accolade that celebrates top-performing hotels committed to excellence in service, guest satisfaction, and industry best practices.",radisson hotel kandy announced that it has been recognized with the agoda gold circle award  an accolade that celebrates topperforming hotels committed to excellence in service guest satisfaction and industry best practices,Business
China’s military on Monday said a Canadian warship which passed through the Taiwan Strait ’’undermines peace.’’,chinas military on monday said a canadian warship which passed through the taiwan strait undermines peace,World_news
"Laundry brand Diva from Hemas Consumer Brands, was recognised at the Effie Awards 2024 with the Bronze Award in the Home Supplies and Services category,",laundry brand diva from hemas consumer brands was recognised at the effie awards  with the bronze award in the home supplies and services category,Business
"Dialog Enterprise, the corporate ICT solutions arm of Dialog Axiata PLC, is expanding its footprint in the Video Surveillance and Video Analytics domain through strategic collaborations with leading technology partners, along with many other renowned physical security brands. This initiative is set to redefine the standards of security and operational intelligence across industries.",dialog enterprise the corporate ict solutions arm of dialog axiata plc is expanding its footprint in the video surveillance and video analytics domain through strategic collaborations with leading technology partners along with many other renowned physical security brands this initiative is set to redefine the standards of security and operational intelligence across industries,Business
"South Korean actress Kim Sae-ron has been found dead in Seoul, police have said.",south korean actress kim saeron has been found dead in seoul police have said,World_news
"Having learnt that new governing ones were to be appointed, a politico, a former purohita had called on a bigwig at the country’s main office and had told him that if he were appointed as the governing one of the Eastern province from where he hailed, he would be in a position to garner several lakhs of votes for his boss at the forthcoming big poll.",having learnt that new governing ones were to be appointed a politico a former purohita had called on a bigwig at the countrys main office and had told him that if he were appointed as the governing one of the eastern province from where he hailed he would be in a position to garner several lakhs of votes for his boss at the forthcoming big poll,Political_gossip
"After seeing a screening of the film RANI, I walked out of the Majestic Cinema devoid of any feelings. It was a terrible film. Badly acted, badly directed, and badly researched. It was only after I started hearing the many plaudits being voiced by the self-satisfied hoi polloi of Colombo that I decided that I want to state my opinion about two people that many of us loved, respected, and knew intimately.",after seeing a screening of the film rani i walked out of the majestic cinema devoid of any feelings it was a terrible film badly acted badly directed and badly researched it was only after i started hearing the many plaudits being voiced by the selfsatisfied hoi polloi of colombo that i decided that i want to state my opinion about two people that many of us loved respected and knew intimately,Opinion
"Sri Lanka Rugby (SLR) finds itself mired in yet another administrative turmoil, a crisis emblematic of the wider governance issues plaguing sports in the country.",sri lanka rugby slr finds itself mired in yet another administrative turmoil a crisis emblematic of the wider governance issues plaguing sports in the country,Sports
"The ASPI closed in red as a result of price losses in counters such as Ceylinco Holdings, Commercial Bank and Hatton National Bank with the turnover crossing Rs. 2.3 bn.",the aspi closed in red as a result of price losses in counters such as ceylinco holdings commercial bank and hatton national bank with the turnover crossing rs  bn,Business
The removal of the Blue party secretarial one is something we had predicted earlier. Now the die is cast!,the removal of the blue party secretarial one is something we had predicted earlier now the die is cast,Political_gossip
South Korea has accused Chinese AI startup DeepSeek of sharing user data with the owner of TikTok in China.,south korea has accused chinese ai startup deepseek of sharing user data with the owner of tiktok in china,World_news
"The debate on the VAT (Amendment) Bill had to be postponed on the day it was taken up due to lack of a quorum. In fact, some government bigwigs as well as many opposition members were absent on that day.",the debate on the vat amendment bill had to be postponed on the day it was taken up due to lack of a quorum in fact some government bigwigs as well as many opposition members were absent on that day,Political_gossip
"The killing of Ganemulle Sanjeewa, who is described as an underworld leader at a courtroom of the country’s main Hulftsdorp court complex on Wednesday was not the first of its kind. The officer in charge of the Weerangula police station and his uncle was killed inside the Attanagalla Magistrate court in early 1990. In another incident, Dammika Amarasinghe, a witness of a case involving a high-profile businessman was shot dead within a Hulftsdorp",the killing of ganemulle sanjeewa who is described as an underworld leader at a courtroom of the countrys main hulftsdorp court complex on wednesday was not the first of its kind the officer in charge of the weerangula police station and his uncle was killed inside the attanagalla magistrate court in early  in another incident dammika amarasinghe a witness of a case involving a highprofile businessman was shot dead within a hulftsdorp,Opinion
"Sri Lanka continued their dominance over Australia in the second ODI of their bilateral series, clinching a 174-run victory at the R. Premadasa Stadium.",sri lanka continued their dominance over australia in the second odi of their bilateral series clinching a run victory at the r premadasa stadium,Sports
"Amid an alarming rise of flu cases across Karachi, the provincial health department has issued an alert, directing all officials concerned to take effective measures for the disease management, its monitoring and containment, it emerged on Sunday.",amid an alarming rise of flu cases across karachi the provincial health department has issued an alert directing all officials concerned to take effective measures for the disease management its monitoring and containment it emerged on sunday,World_news
"China’s navy has reportedly conducted a second live-fire exercise in international waters, a day after a similar drill forced multiple airlines to change flight paths between Australia and New Zealand.",chinas navy has reportedly conducted a second livefire exercise in international waters a day after a similar drill forced multiple airlines to change flight paths between australia and new zealand,World_news
India and the US are set to begin talks to sign this year a new 10-year defence framework that will run from 2025 to 2035 and is expected to be finalized later this year.,india and the us are set to begin talks to sign this year a new year defence framework that will run from  to  and is expected to be finalized later this year,World_news
Brazil defender Marcelo has announced his retirement from football at the age of 36.,brazil defender marcelo has announced his retirement from football at the age of ,Sports
Sri Lanka’s Dimuth Karunaratne said Sunday it had been “a very emotional day’’ after his 100th and final Test ended with a defeat to Australia.,sri lankas dimuth karunaratne said sunday it had been a very emotional day after his th and final test ended with a defeat to australia,Sports
"According to latest reports, the fire at the Ella Forest Reserve in the Uva province had been doused after two days.",according to latest reports the fire at the ella forest reserve in the uva province had been doused after two days,World_news
"All passengers and crew on a flight which crashed and overturned while landing at Toronto Pearson Airport in Canada have survived, the airport’s chief executive has said.",all passengers and crew on a flight which crashed and overturned while landing at toronto pearson airport in canada have survived the airports chief executive has said,World_news
"The Sri Lankan cricket selectors have made a bold move by adding Ramesh Mendis to the squad for the highly anticipated 2nd Test match against the visiting Australian team, scheduled to begin on February 6 in Galle. The 29-year-old all-rounder brings a fresh dynamic to the team as they seek to bounce back from their crushing defeat in the first Test.",the sri lankan cricket selectors have made a bold move by adding ramesh mendis to the squad for the highly anticipated nd test match against the visiting australian team scheduled to begin on february  in galle the yearold allrounder brings a fresh dynamic to the team as they seek to bounce back from their crushing defeat in the first test,Sports
Three to four Diyawanna members of a main political party in the opposition had recently called on a Pohottuwa bigwig.,three to four diyawanna members of a main political party in the opposition had recently called on a pohottuwa bigwig,Political_gossip
A lady who was functioning as the head of a state-run undertaking was removed from the post quite recently.,a lady who was functioning as the head of a staterun undertaking was removed from the post quite recently,Political_gossip
"Three days after the so-called shocking murder in the courtroom at the Colombo Magistrate’s Court, the alleged killer has been taken into custody, the man behind the killing identified but the female suspect linked to the killing still roams free. The ‘lady’ has been identified, but has not been taken into custody.",three days after the socalled shocking murder in the courtroom at the colombo magistrates court the alleged killer has been taken into custody the man behind the killing identified but the female suspect linked to the killing still roams free the lady has been identified but has not been taken into custody,Opinion
"One month after Donald Trump took office, U.S. inflation surged to 3% for the first time since June, marking it as one of the administration’s most pressing economic challenges.",one month after donald trump took office us inflation surged to  for the first time since june marking it as one of the administrations most pressing economic challenges,World_news
"Sri Lanka’s export sector kicked off 2025 on a positive note, with total exports crossing US$ 1.3 billion in January, marking a 7.5 percent year-on-year (YoY) increase, data from the Export Development Board (EDB) showed.",sri lankas export sector kicked off  on a positive note with total exports crossing us  billion in january marking a  percent yearonyear yoy increase data from the export development board edb showed,Business
"This February, being the Valentine’s month, AIA Insurance is offering a unique opportunity to express love and care beyond the ordinary.",this february being the valentines month aia insurance is offering a unique opportunity to express love and care beyond the ordinary,Business
"For Danigala Mahabandalage Suda Wannila Aththo, the incumbent leader of the Rathugala adivasi community, bee-honey harvesting is part of their traditional lifestyle. Rathugala is a scenic village in the Eastern Province of Sri Lanka, located bordering the Gal Oya region in Ampara District. Following a prayer dedicated to Kalu Bandara deiyo, a local deity whom they believe is a guardian of the thick jungles they live in, Suda Wannila Aththo and hi",for danigala mahabandalage suda wannila aththo the incumbent leader of the rathugala adivasi community beehoney harvesting is part of their traditional lifestyle rathugala is a scenic village in the eastern province of sri lanka located bordering the gal oya region in ampara district following a prayer dedicated to kalu bandara deiyo a local deity whom they believe is a guardian of the thick jungles they live in suda wannila aththo and hi,Opinion
"In a drab office in China’s industrial heartland, Andy Xiao frets over the future of his shoe materials business, now straining under sweeping tariffs imposed by Donald Trump.",in a drab office in chinas industrial heartland andy xiao frets over the future of his shoe materials business now straining under sweeping tariffs imposed by donald trump,World_news
"Amitabh Kant—the key driver of Made in India, Startup India, Incredible India, and God’s Own Country—shares his views with Daily Mirror in an interview during his visit to the country.",amitabh kantthe key driver of made in india startup india incredible india and gods own countryshares his views with daily mirror in an interview during his visit to the country,World_news
"Sri Lanka’s 2025 Budget unveiled by President Anura Kumara Dissanayake in Parliament on 17 February, was an eagerly awaited development, as it set the tone for the country’s current economic trajectory under the new government.",sri lankas  budget unveiled by president anura kumara dissanayake in parliament on  february was an eagerly awaited development as it set the tone for the countrys current economic trajectory under the new government,Business
"President Donald Trump has nominated S. Paul Kapur, a scholar of Indian origin known for his critical views on Pakistan, as the next Assistant Secretary of State for South and Central Asia.",president donald trump has nominated s paul kapur a scholar of indian origin known for his critical views on pakistan as the next assistant secretary of state for south and central asia,World_news
"During a recent session of Pakistan’s National Assembly, Maulana Fazl-ur-Rehman, leader of Jamiat Ulema-e-Islam-Fazl (JUI-F), expressed concern that Pakistan’s authority in Balochistan is weakening.",during a recent session of pakistans national assembly maulana fazlurrehman leader of jamiat ulemaeislamfazl juif expressed concern that pakistans authority in balochistan is weakening,World_news
"The United States was Germany’s biggest single trading partner last year for the first time since 2015, displacing China from the top spot as exports to the Asian power declined, official figures showed Wednesday.",the united states was germanys biggest single trading partner last year for the first time since  displacing china from the top spot as exports to the asian power declined official figures showed wednesday,World_news
"NDB Wealth Management has partnered with Colombo Fashion Week 2025 (CFW), bringing together two industries that thrive on shared values including vision, precision, and innovation.",ndb wealth management has partnered with colombo fashion week  cfw bringing together two industries that thrive on shared values including vision precision and innovation,Business
"The first part of this article published last week briefly outlined the history of Sri Lanka’s national anthem being sung in Tamil. In this second and final part, the focus would be on the regress and progress of the national anthem rendition in Tamil over the years. As stated earlier the Tamil national anthem issue is in a sense symptomatic of the escalating ethnic crisis in Sri Lanka.",the first part of this article published last week briefly outlined the history of sri lankas national anthem being sung in tamil in this second and final part the focus would be on the regress and progress of the national anthem rendition in tamil over the years as stated earlier the tamil national anthem issue is in a sense symptomatic of the escalating ethnic crisis in sri lanka,Opinion
China’s rapid industrialization over the past few decades has brought significant economic growth and transformed the nation into a global powerhouse.,chinas rapid industrialization over the past few decades has brought significant economic growth and transformed the nation into a global powerhouse,World_news
"Sri Lanka’s banking sector faces a paradox: despite ample liquidity, with banks’ liquid assets nearly doubling to 35.25% of total assets, credit growth remains stagnant due to high levels of non-performing loans (NPLs).",sri lankas banking sector faces a paradox despite ample liquidity with banks liquid assets nearly doubling to  of total assets credit growth remains stagnant due to high levels of nonperforming loans npls,Business
"Last week, underworld kingpin Sanjeewa Kumara Samararathne, alias ‘Ganemulla Sanjeewa’, was shot dead inside the Colombo magistrate court by a gunman disguised as a lawyer. The killing, as shocking as it was, also highlighted major security lapses: Producing a high-risk inmate before the magistrate was unwanted at a time when much of bail hearings are taking place over Skype.",last week underworld kingpin sanjeewa kumara samararathne alias ganemulla sanjeewa was shot dead inside the colombo magistrate court by a gunman disguised as a lawyer the killing as shocking as it was also highlighted major security lapses producing a highrisk inmate before the magistrate was unwanted at a time when much of bail hearings are taking place over skype,Opinion
"There is a troika formed in a certain political Balavegaya that stands for unity, they say.",there is a troika formed in a certain political balavegaya that stands for unity they say,Political_gossip
"There is a certain former purohita who is among the few others again aspiring to top team status. He is known to have an unbridled tongue and in fact, he, once, fell afoul of the law by talking out of turn. By the way, this politico hailing from a district known for its cool climate is heading the list of highly disappointed top team office hopefuls as well. And he is said to be holding a grudge against the powers that be over this issue. A few",there is a certain former purohita who is among the few others again aspiring to top team status he is known to have an unbridled tongue and in fact he once fell afoul of the law by talking out of turn by the way this politico hailing from a district known for its cool climate is heading the list of highly disappointed top team office hopefuls as well and he is said to be holding a grudge against the powers that be over this issue a few,Political_gossip
"More than 30 people have been killed in a bus crash on a mountain road in Bolivia, police say.",more than  people have been killed in a bus crash on a mountain road in bolivia police say,World_news
Qatar has agreed to invest $10 billion in India as trade ties between the two deepen.,qatar has agreed to invest  billion in india as trade ties between the two deepen,World_news
Australia all-rounder Marcus Stoinis has shocked the world by announcing his immediate retirement from ODI cricket.,australia allrounder marcus stoinis has shocked the world by announcing his immediate retirement from odi cricket,Sports
"There is a Top Team member elected to Diyawanna from a district close to Colombo. By the way, he is a senior member of a political family there.",there is a top team member elected to diyawanna from a district close to colombo by the way he is a senior member of a political family there,Political_gossip
"Acuity Knowledge Partners (Acuity), a leading provider of bespoke research, analytics and technology solutions to the financial services sector has announced the launch of a mentorship programme designed to equip university undergraduates with the skills and knowledge required to pursue careers in global capital markets.",acuity knowledge partners acuity a leading provider of bespoke research analytics and technology solutions to the financial services sector has announced the launch of a mentorship programme designed to equip university undergraduates with the skills and knowledge required to pursue careers in global capital markets,Business
"Galle has been a fortress for Sri Lanka in the longest format with the island nation registering so many famous victories against top Test nations, but on Sunday not only the fortress was breached, it was destroyed, demolished and bulldozed by a thoroughly professional Australian team led by Steven Smith.",galle has been a fortress for sri lanka in the longest format with the island nation registering so many famous victories against top test nations but on sunday not only the fortress was breached it was destroyed demolished and bulldozed by a thoroughly professional australian team led by steven smith,Sports
"The impending move to appoint new governing ones to the provinces has become a hot topic these days. However, only four governing ones have been asked to tender their resignation. Meanwhile, sources say that the government’s initial plan was to replace five governing ones with new ones.",the impending move to appoint new governing ones to the provinces has become a hot topic these days however only four governing ones have been asked to tender their resignation meanwhile sources say that the governments initial plan was to replace five governing ones with new ones,Opinion
"Seylan Bank PLC reported higher earnings for the three months ended in December 2024 on the back of provision reversals coming from its investments in International Sovereign Bonds, lower provisions for possible bad loans and expanding loan book.",seylan bank plc reported higher earnings for the three months ended in december  on the back of provision reversals coming from its investments in international sovereign bonds lower provisions for possible bad loans and expanding loan book,Business
"India is set to produce its first domestically manufactured semiconductor chip by September or October 2025, according to IT Minister Ashwini Vaishnaw.",india is set to produce its first domestically manufactured semiconductor chip by september or october  according to it minister ashwini vaishnaw,World_news
Australia were firmly in the driving seat despite a spirited Sri Lankan fightback to reach 229-9 at stumps on day one of the second Test in Galle on Thursday.,australia were firmly in the driving seat despite a spirited sri lankan fightback to reach  at stumps on day one of the second test in galle on thursday,Sports
"The month of February 2025 has been most eventful. One of the most anticipated events was the first budget to be proposed by our first-ever leftist government not in coalition with other political parties. With its overwhelming majority in parliament, there is little doubt the budget would be passed.",the month of february  has been most eventful one of the most anticipated events was the first budget to be proposed by our firstever leftist government not in coalition with other political parties with its overwhelming majority in parliament there is little doubt the budget would be passed,Opinion
The last set of games in the Inter-Club Rugby League Tournament will be featured this weekend with four matches down for decision in Colombo.,the last set of games in the interclub rugby league tournament will be featured this weekend with four matches down for decision in colombo,Sports
The present government has been tested to the brim these days. The Hulftsdorp Court shooting posed enough questions about security in this country.,the present government has been tested to the brim these days the hulftsdorp court shooting posed enough questions about security in this country,Opinion
"Today, February 18, 2025, marks the 35th year since the abduction and brutal killing of journalist, teacher, poet, playwright, actor and activist Richard de Zoysa.",today february   marks the th year since the abduction and brutal killing of journalist teacher poet playwright actor and activist richard de zoysa,Opinion
"Just ahead of the ICC Champions Trophy 2025, in a significant shake-up, the data reveals that India’s Shubman Gill and Sri Lanka’s Maheesh Theekshana have proudly escalated to the No.1 rankings in the latest ICC Men’s ODI Player Rankings.",just ahead of the icc champions trophy  in a significant shakeup the data reveals that indias shubman gill and sri lankas maheesh theekshana have proudly escalated to the no rankings in the latest icc mens odi player rankings,Sports
"Sri Lanka’s top tech industry veterans asserted the critical need for the start-ups to lead with artificial intelligence (AI) in their messaging, regardless of their business model, to stay competitive and align with the global and regional leaders in their respective fields.",sri lankas top tech industry veterans asserted the critical need for the startups to lead with artificial intelligence ai in their messaging regardless of their business model to stay competitive and align with the global and regional leaders in their respective fields,Business
A Spanish court on Thursday convicted and fined former football chief Luis Rubiales of sexual assault over the forced kiss he gave star forward Jenni Hermoso but acquitted him of the charge of coercion,a spanish court on thursday convicted and fined former football chief luis rubiales of sexual assault over the forced kiss he gave star forward jenni hermoso but acquitted him of the charge of coercion,Sports
"The case of Mustafa Amir, a 23-year-old who was kidnapped and murdered, has been making headlines in Karachi. Mustafa went missing on January 6, 2025, after leaving his home in the Defence Housing Authority (DHA) area.",the case of mustafa amir a yearold who was kidnapped and murdered has been making headlines in karachi mustafa went missing on january   after leaving his home in the defence housing authority dha area,World_news
"Exactly a month ago, on January 28 we editorially discussed some aspects pertaining to the ongoing crimes in the country while pointing out that minimising crimes should be one of the top most priorities of the government’s “Clean Sri Lanka” programme.",exactly a month ago on january  we editorially discussed some aspects pertaining to the ongoing crimes in the country while pointing out that minimising crimes should be one of the top most priorities of the governments clean sri lanka programme,Opinion
